{
    "loss": 0.622844398021698,
    "accuracy": 0.8043308854103088
}